{
  "AWSEBDockerrunVersion": 2,
  "volumes": [
    {
      "name": "certs",
      "host": {
        "sourcePath": "/var/app/current/certs"
      }
    }
  ],
  "containerDefinitions": [
    {
      "name": "api-server",
      "image": "formio/formio-enterprise:8.0.0-m.16",
      "environment": [
        {
          "name": "MONGO_CA",
          "value": "/src/certs/rds-combined-ca-us-gov-bundle.pem"
        },
        {
          "name": "PROXY",
          "value": "true"
        },
        {
          "name": "PORT",
          "value": "80"
        }
      ],
      "portMappings": [
        {
          "hostPort": 80,
          "containerPort": 80
        }
      ],
      "memory": 1024,
      "mountPoints": [
        {
          "sourceVolume": "certs",
          "containerPath": "/src/certs"
        }
      ]
    }
  ]
}